"","treatment","dose_uM","timeID","mean_time","mean_count","sd_count","mean_count_norm","sd_count_norm","mean_PI","sd_PI","mean_AnV","sd_AnV"
"1","DEM",2,1,0.944117647058824,875.458366663966,216.799393479219,1,0,0.016415316295465,0.0164306769461045,0.0260226238365638,0.0463575810160329
"2","DEM",2,2,2.57647058823529,896.264733814408,217.712448128241,1.02522566548421,0.0271561904710273,0.012244000548068,0.0127855636845476,0.0285961790868289,0.0480316220911682
"3","DEM",2,3,4.20882352941176,916.687099983454,228.766658113624,1.04680565724521,0.0387723075444248,0.0067773144153472,0.00844724925075708,0.023119592041117,0.0343356665832278
"4","DEM",2,4,5.84117647058823,931.403547023673,233.725814718668,1.0636929046036,0.0522660536177726,0.00419189068433103,0.00719577897846591,0.0213258339709525,0.0334794968914717
"5","DEM",2,5,7.47352941176471,956.383305519858,237.943078827605,1.0931355122693,0.0596859542045276,0.00283400048617829,0.00615323390071715,0.0222913838639274,0.031141762510898
"6","DEM",2,6,9.10588235294118,978.749674481574,244.172653916848,1.11910734701328,0.0714250735339712,0.00225299804387793,0.00515156705235144,0.0221114867383078,0.0340689292846039
"7","DEM",2,7,10.7382352941176,1002.46100251297,247.67693662096,1.14760776916013,0.0890046728579187,0.00176627648926989,0.00414509427479061,0.0226969990082954,0.0318704280056697
"8","DEM",2,8,12.3705882352941,1032.33720889193,249.75172633106,1.18358017381505,0.095490891451973,0.0011785130153607,0.00301730022778543,0.0201630975661278,0.0236401025896449
"9","DEM",2,9,14.0029411764706,1051.57317784669,249.993349942444,1.20722310630864,0.0971693638627033,0.000847550776185578,0.00164870765389692,0.0196741835759138,0.0256590265346942
"10","DEM",2,10,15.7117647058824,1075.72762188215,245.402774789447,1.23741232517201,0.103783269972997,0.000857130174511582,0.00196277011504746,0.0206898204355686,0.0262713847095599
"11","DEM",2,11,17.3909090909091,1090.19115189113,248.789094781786,1.26171516377736,0.11427012417258,0.00105037156566693,0.00224672940174526,0.0229851621361374,0.0291161612987399
"12","DEM",2,12,19.0588235294118,1108.1138704092,248.102107747311,1.27705081956356,0.114129946440152,0.000965294224127631,0.00183829024507069,0.0250885098655695,0.0276008732562539
"13","DEM",2,13,20.6911764705882,1123.33963377793,250.02009846082,1.29531016880029,0.116094778834725,0.000990679649618595,0.00162570443088391,0.0266245971840033,0.0358124995302036
"14","DEM",2,14,22.3235294117647,1139.08252738165,249.815603907498,1.31527079465181,0.123794483117204,0.000947916620285102,0.00134203387923924,0.0294093699326976,0.0344505980337066
"15","DEM",2,15,23.9558823529412,1151.91164038415,256.518045929359,1.32981469900479,0.13304064694444,0.000678314638812988,0.00125569033726476,0.0310074064987711,0.0343162126809331
"16","DEM",2,16,25.5882352941176,1165.82523632029,250.129010415301,1.34827166417192,0.133945613703829,0.000861839937690262,0.00133726629131389,0.030352077699619,0.0332175048913361
"17","DEM",2,17,27.2205882352941,1169.36805912061,250.824013479502,1.3531854122462,0.140693781107035,0.000790244709226634,0.0011655546719704,0.032494557269524,0.0320796262930928
"18","DEM",2,18,28.8529411764706,1193.09329496464,244.85475691534,1.38414288250251,0.147404130646298,0.000947670852493303,0.00124358608427388,0.0316405319782618,0.0331918483475145
"19","DEM",2,19,30.4852941176471,1200.17824579114,248.783124921849,1.39178491723437,0.151975536693068,0.00106331958055877,0.00149844338757107,0.0351014640298785,0.0391986191186771
"20","DEM",2,20,32.1176470588235,1212.18013994176,252.493690022446,1.40506057626345,0.152776878694073,0.00106235271103086,0.00195346155010303,0.0349666477456936,0.0371839084647953
"21","DEM",2,21,33.8617647058824,1210.6262876627,247.839015305953,1.40594791172336,0.163177250871862,0.00103648696421701,0.00192118640084231,0.0356788480893067,0.0362026940755358
"22","DEM",2,22,35.4941176470588,1221.75996619407,242.217390972718,1.42093685553121,0.163886152735704,0.000883014932365592,0.00160643962757956,0.0374722377324362,0.0353700387189212
"23","DEM",2,23,37.1264705882353,1227.38976328387,244.257705133396,1.42918559261727,0.183988966935906,0.000883884550077729,0.00172206175358452,0.0416174776355023,0.0375583991818835
"24","DEM",2,24,38.7588235294118,1232.36069114644,245.778943356823,1.43355523344102,0.170126483472017,0.00104621309442235,0.00186922445726793,0.0420382645255772,0.0396584533472739
"25","DEM",2,25,40.3911764705882,1242.18076502346,242.71806182846,1.44795987726258,0.186624722653598,0.00120736816459482,0.00201663748182027,0.0437532170786914,0.039579767986002
"26","DEM",2,26,42.0235294117647,1255.98010755029,243.910227721801,1.46463374437651,0.196484600791613,0.00120476991411658,0.00207682002090081,0.0458566521879469,0.0475923479120541
"27","DEM",2,27,43.6558823529412,1259.35102152286,235.848792905295,1.47192525300957,0.203727959382867,0.00164998786833189,0.00331830409476213,0.0447713116399028,0.0477102859242665
"28","DEM",2,28,45.2882352941176,1265.981672038,230.891818611455,1.48093224294777,0.203406628451988,0.00151063907166804,0.00302186108555089,0.0454385558665833,0.0451056553921164
"29","DEM",2,29,46.9205882352941,1267.15571379047,233.916405642828,1.48091540540742,0.200762552235793,0.00128264200939819,0.00264249862301481,0.0474808722833833,0.0515489899455509
"30","DEM",2,30,48.069696969697,1279.1650361671,228.96485140665,1.4944760007942,0.207708358805397,0.00177287470146404,0.00383204136556421,0.0440141190015574,0.0435777804763717
"31","DEM",2,31,49.190625,1291.28490795496,208.26737485753,1.49059973682439,0.213442938824368,0.00191437365927282,0.00417835870432146,0.0441177092585125,0.0400005425514829
"32","DEM",2,32,50.8,1292.83492081259,213.728268576707,1.49340211716732,0.225867419077947,0.00179842811079342,0.00403065363057778,0.0470927860382986,0.041882140401467
"33","DEM",2,33,50.6178571428571,1292.37443734813,207.118275947851,1.52039139350069,0.229776068055646,0.00106792887980815,0.00127419144561684,0.0443955951236394,0.0419444838627713
"34","DEM",2,34,50.436,1285.21119995075,220.677054240215,1.52944484260587,0.239649534927356,0.000836047628230135,0.00101237730713253,0.0366768865852355,0.0218636238674981
"35","DEM",2,35,51.936,1302.63799538983,210.847175929694,1.55034264624458,0.228189980385442,0.000892395557572249,0.00127783642070109,0.0376771015204077,0.0209546552184274
"36","DEM",2,36,53.436,1295.75540514392,212.740156803483,1.54206354250297,0.232238897879587,0.000661242190812981,0.000962058679546634,0.0382901851078266,0.0250286032463673
"37","DEM",2,37,54.936,1306.5987970252,212.380348997398,1.55447634453729,0.228098020090618,0.000934580811151495,0.00119956308924483,0.0386221521168134,0.0253573694784656
"38","DEM",2,38,56.436,1306.25422121162,213.304934795244,1.55507390460656,0.236210339756806,0.00102925893925774,0.00132138721791748,0.0369966238857849,0.0240548537162406
"39","DEM",2,39,57.936,1306.14333986807,213.134621915754,1.55580303915298,0.243181708197337,0.000814062235652023,0.00126664595899798,0.0386262915570841,0.0252753683490834
"40","DEM",2,40,59.436,1299.02019550197,209.311307261555,1.54758051846133,0.237076407185136,0.000930326224209127,0.00141382921984088,0.0375331155174797,0.0239258657781032
"41","DEM",2,41,60.936,1299.85506345119,214.426397981996,1.54713953481134,0.233139659352429,0.000955584077566874,0.00106419537822341,0.0382099519686736,0.026552073046965
"42","DEM",2,42,62.436,1296.31834549077,213.064517698339,1.54510201057579,0.2464580273748,0.00103849789512772,0.00119564519106166,0.03931970296758,0.0295596243602519
"43","DEM",10,1,0.944117647058824,883.988269135801,197.642932536073,1,0,0.0184879789753331,0.0191712829225513,0.018305728864544,0.0276755225962224
"44","DEM",10,2,2.57647058823529,906.456033084817,200.689300263654,1.02611866467812,0.0277197895304311,0.0134334912369144,0.0152478520465572,0.0186845296213917,0.0269032835181505
"45","DEM",10,3,4.20882352941176,916.781501528449,206.888719070097,1.03740117908011,0.0472291482731708,0.00698726827527896,0.00842728181232781,0.0222335840634622,0.0298093241450816
"46","DEM",10,4,5.84117647058823,939.929185417758,214.785134067573,1.06311004351054,0.0561252098528821,0.0040736967180381,0.00566541438252711,0.0191541843294417,0.0291421326275884
"47","DEM",10,5,7.47352941176471,964.208305279713,220.172236137348,1.09107540213095,0.0664201461452996,0.00363024947819105,0.0057594584823357,0.0222945149444202,0.0323995579456296
"48","DEM",10,6,9.10588235294118,985.291067481545,227.234471920939,1.11418455108996,0.0761338773221347,0.00230265330441432,0.00404685849877655,0.0180159226249018,0.029872448680489
"49","DEM",10,7,10.7382352941176,1014.15076001201,222.354868917327,1.14998477561901,0.0723058705632496,0.00191376602079456,0.00278030759133771,0.023952709036489,0.0405343043701436
"50","DEM",10,8,12.3705882352941,1034.81443476885,228.745116504386,1.17282465189196,0.0775188852802505,0.00123824349635286,0.0020899071488204,0.020156360711291,0.0359785846531584
"51","DEM",10,9,14.0029411764706,1054.06575922602,223.974227044222,1.19763729575247,0.0848225746483363,0.00111998216042001,0.00212478211983294,0.0245673206458876,0.0383947003133194
"52","DEM",10,10,15.7117647058824,1070.65038069837,220.274645168921,1.21831415261566,0.0868711127565969,0.000760262029750199,0.00126440409788191,0.025414887756121,0.038935408635279
"53","DEM",10,11,17.3909090909091,1081.13963611971,222.357743767981,1.24137339127983,0.10008183231082,0.000586192520587313,0.00138728241411933,0.0276855098412777,0.0420268477665127
"54","DEM",10,12,19.0588235294118,1108.09542938163,224.021898706898,1.26210994354081,0.0945618793559148,0.000665902777444204,0.00138133242695566,0.0264536687580183,0.0332704205113032
"55","DEM",10,13,20.6911764705882,1125.40890275974,228.717072104426,1.28159792667376,0.101657896491075,0.000431188534222939,0.00100703576119034,0.0281644152494709,0.0354082934900669
"56","DEM",10,14,22.3235294117647,1131.21635884997,222.78353338742,1.29096985566025,0.108847726524277,0.000763110255797726,0.00113622730561432,0.03241339222278,0.0388343955153274
"57","DEM",10,15,23.9558823529412,1146.46175121712,225.472698511788,1.308339038134,0.109660551008032,0.000811458691699258,0.00125561943653498,0.0307517855543466,0.0299943965089011
"58","DEM",10,16,25.5882352941176,1157.26541915744,227.996658283657,1.32052858766478,0.111909414593223,0.000690983592026493,0.000838226870930525,0.0309454042156212,0.0297519979684918
"59","DEM",10,17,27.2205882352941,1166.40579679317,228.870079888571,1.33226689199601,0.12365595541237,0.000797796534306498,0.00116561735600438,0.0328849254572769,0.0314342768333217
"60","DEM",10,18,28.8529411764706,1182.62673944941,225.061814838639,1.35262850637305,0.125316889316694,0.000697225453939252,0.000995975788042722,0.0340558361601993,0.030834081407132
"61","DEM",10,19,30.4852941176471,1190.21344184347,227.778607415642,1.36125187742354,0.132916576657797,0.000811484145557392,0.0012765020849374,0.0352828407414053,0.0305045270466781
"62","DEM",10,20,32.1176470588235,1187.24024172966,229.419234673361,1.35683356062708,0.126816454725567,0.000961002691930664,0.00164407373519019,0.0373460280372728,0.0356607859887203
"63","DEM",10,21,33.8617647058824,1205.81533316749,224.275067502268,1.38177648167618,0.144176760897489,0.000968618387256947,0.0018865609025601,0.0404446677369547,0.0369784018088744
"64","DEM",10,22,35.4941176470588,1214.73723729483,225.007122440478,1.39124044990832,0.139793577833143,0.000969233005270088,0.00178617328153561,0.0396734028126748,0.0371517310334831
"65","DEM",10,23,37.1264705882353,1223.25102048475,220.173748416049,1.40299841777483,0.144053138158293,0.00129716686999019,0.00219174613312161,0.0421966206504508,0.0394932388986252
"66","DEM",10,24,38.7588235294118,1221.40996042239,218.679785058977,1.40000720667381,0.134371116215173,0.0013389554742496,0.0021241729860608,0.0438294399076334,0.0384688546306894
"67","DEM",10,25,40.3911764705882,1234.95306294587,213.615302494256,1.41915120728006,0.159023988070311,0.00155319170921288,0.00287951869887042,0.0439911213735072,0.0384235146588261
"68","DEM",10,26,42.0235294117647,1241.14069677975,214.23497118837,1.42701638726001,0.163741957671755,0.00155431884337116,0.00264678907892241,0.0454796790222407,0.0395952530256911
"69","DEM",10,27,43.6558823529412,1243.11537414729,218.169610806233,1.42787140421651,0.155295717490951,0.00135227579915552,0.00280330438100758,0.0478481005329373,0.0351236643162662
"70","DEM",10,28,45.2882352941176,1252.99581014534,217.689578529006,1.44008229338647,0.158695135657761,0.00149609661277061,0.00269767223943581,0.0503151640580241,0.0418825126716241
"71","DEM",10,29,46.9205882352941,1249.13081642498,214.005951335984,1.43564746495178,0.157415683927924,0.00175730350036044,0.00392252896579127,0.0481832461785033,0.040434990325735
"72","DEM",10,30,48.069696969697,1259.58007511485,210.074153122393,1.44805329869637,0.159894910314033,0.00220881601932613,0.00408796480307206,0.0470301299199569,0.0402743332244901
"73","DEM",10,31,49.190625,1267.5101741394,195.474544703741,1.43663306942906,0.169400047617587,0.00165461620285194,0.0036750841635615,0.0473779230432967,0.041076722939494
"74","DEM",10,32,50.8,1268.49729647247,196.983721066669,1.43809198687115,0.175330882744848,0.00170124625408723,0.00377250738811314,0.0501818637274133,0.0414147690843461
"75","DEM",10,33,50.6178571428571,1267.48228714375,198.157697893223,1.45393887119335,0.170495124722752,0.00124415438120928,0.0016203126552703,0.0476032755742807,0.0490675302160396
"76","DEM",10,34,50.436,1292.94271629174,194.37137141299,1.48335163587136,0.182901144068115,0.000972354174040158,0.00111162328446737,0.0400434579631442,0.0276164065436238
"77","DEM",10,35,51.936,1284.90154171558,194.364328601085,1.47344279136743,0.18197370093664,0.00107908390932322,0.000980325673262637,0.0411553886297174,0.0282588918298559
"78","DEM",10,36,53.436,1291.88064602441,196.932087212419,1.48159036456592,0.184718010392895,0.000950561238496487,0.00090866651916215,0.0425504078620687,0.0323460079281076
"79","DEM",10,37,54.936,1283.940252004,198.791795216045,1.47323543167444,0.194618698568538,0.000959969276072166,0.00125708644352037,0.0419649241033303,0.0326603699450227
"80","DEM",10,38,56.436,1297.56556079904,175.520654754384,1.49427824649028,0.202890814161778,0.0009257450233964,0.00115484551257497,0.04303283745623,0.0336284776410885
"81","DEM",10,39,57.936,1290.64712807044,187.162818845863,1.48297015228447,0.194160999971368,0.00127583048191335,0.00150454222805204,0.0431512829737064,0.0323738181886416
"82","DEM",10,40,59.436,1295.16587615721,185.768264275422,1.4882325848582,0.191543201752073,0.00111090439527962,0.00125802958058641,0.042980406560948,0.0348774709305913
"83","DEM",10,41,60.936,1292.71095153603,188.341701079998,1.48564580481184,0.200236151858828,0.0012385321134543,0.00167237614039285,0.0445275184060451,0.036116241290625
"84","DEM",10,42,62.436,1284.09067883744,179.403665587139,1.4785346186253,0.210199729323193,0.00140661956074376,0.00213905143831216,0.0436199657662952,0.0342654946264407
"85","DEM",20,1,0.944117647058824,877.607365177383,215.777456298191,1,0,0.0226060747370737,0.0234322705846102,0.0315277473430904,0.0521219608251185
"86","DEM",20,2,2.57647058823529,894.815095121008,215.428565815956,1.02150248101052,0.0287892132962415,0.0195821311096896,0.024045238845233,0.0239839908388428,0.0353859115800191
"87","DEM",20,3,4.20882352941176,910.277004494851,223.452096572517,1.03800163026937,0.0365874665792673,0.013426840439161,0.0203882236473215,0.0253835867030338,0.0409001231864474
"88","DEM",20,4,5.84117647058823,927.458425807688,232.044915250146,1.05595613285756,0.0404919783843291,0.00782335921294679,0.0130904917063225,0.0224670464894971,0.0323477494996408
"89","DEM",20,5,7.47352941176471,946.436275037228,234.317146700928,1.07830392386392,0.051887014427738,0.0048502121634937,0.00906902889709086,0.0227315178870233,0.0312612980661685
"90","DEM",20,6,9.10588235294118,975.459475504993,236.517214525273,1.113231440969,0.0561507854250501,0.00370226959509876,0.00716076915063296,0.0246864218430452,0.0368384258634387
"91","DEM",20,7,10.7382352941176,987.712558719904,238.955103864961,1.12709807128807,0.0671307856355717,0.00312645204707564,0.00668333872907072,0.0232456368245927,0.034846318540891
"92","DEM",20,8,12.3705882352941,1014.11371920852,238.199371460384,1.15897554538656,0.0746301600205482,0.00220312779993783,0.00425558703077831,0.0256811432841311,0.0363839283754956
"93","DEM",20,9,14.0029411764706,1037.18909108605,237.323086437633,1.18725095494642,0.0814456737210834,0.00171592256605605,0.00280971377199798,0.0279738766203187,0.0387569829624701
"94","DEM",20,10,15.7117647058824,1044.88785850926,234.330903222782,1.197751778596,0.0827709656119634,0.00131097704856376,0.00212109480499863,0.0303160479030508,0.042049289880874
"95","DEM",20,11,17.3909090909091,1070.27419955195,238.595164055781,1.22913288239096,0.0969269535855134,0.00100060950890311,0.00135595431536138,0.0287269907567414,0.0382176734836534
"96","DEM",20,12,19.0588235294118,1080.75893423521,239.610006549221,1.24006007580959,0.0943319931122096,0.00101551888568642,0.00166455618533097,0.031529324493742,0.0330432788787996
"97","DEM",20,13,20.6911764705882,1094.72093133848,229.273894746323,1.26003792862494,0.106348792131948,0.00107296173752378,0.0017513776621738,0.032937428599862,0.0385044453202193
"98","DEM",20,14,22.3235294117647,1105.07562055843,231.532833016485,1.27197778822778,0.105739515616098,0.000965501898983726,0.00142728649395864,0.0325176569459015,0.0339501556809311
"99","DEM",20,15,23.9558823529412,1111.69739386478,227.607139100501,1.28127222811975,0.11188208555097,0.00129877396524632,0.00208818077357869,0.0324857297703179,0.0345738941801312
"100","DEM",20,16,25.5882352941176,1125.12294919092,231.213466468348,1.29662405599769,0.113182378657525,0.00107012991980755,0.00169559728583016,0.0330852372429206,0.0353724028571322
"101","DEM",20,17,27.2205882352941,1133.78574107718,227.76861432644,1.30817448763435,0.115815096920551,0.00101992364728741,0.00165855495225223,0.0348483101952502,0.0331183802542029
"102","DEM",20,18,28.8529411764706,1134.67845598823,228.376556337438,1.31065238506664,0.133004527640252,0.0012682819371185,0.00190396868987648,0.0357522251042481,0.0326546109193227
"103","DEM",20,19,30.4852941176471,1147.42046225378,231.580902374786,1.32462491747716,0.12874602419457,0.00149158723056826,0.00248960094118614,0.0361546193316631,0.0302314021022262
"104","DEM",20,20,32.1176470588235,1156.07861638141,232.047249712948,1.33552092954597,0.137421549441009,0.00147041487386216,0.00216343140042064,0.0370795277959097,0.0312935536287376
"105","DEM",20,21,33.8617647058824,1157.43773035706,235.703787798236,1.3365013625694,0.139374838691764,0.00123934362672965,0.00156688155924111,0.0377158481936887,0.0333662822435771
"106","DEM",20,22,35.4941176470588,1157.6005545862,225.213548876949,1.34036261104718,0.14935349112748,0.00148912824071034,0.00257070534356913,0.0411926120527886,0.0370858066153794
"107","DEM",20,23,37.1264705882353,1169.63401611729,225.894192051308,1.3555483984781,0.157868675362618,0.00180823136078115,0.00228615156659108,0.0425068059637546,0.0395930736994628
"108","DEM",20,24,38.7588235294118,1172.76335685591,229.875716440672,1.35877118225308,0.161604214194475,0.00169504511517556,0.00230047404863355,0.0451303554385041,0.0401177106901578
"109","DEM",20,25,40.3911764705882,1186.5968754747,229.514571693447,1.37453358425233,0.152049497558138,0.00225987742569629,0.00332279183844252,0.047268612783827,0.0404119403637697
"110","DEM",20,26,42.0235294117647,1187.65950232283,227.336310191672,1.37769397566168,0.165687670178919,0.00194439648009832,0.00307570687387845,0.0478745717694023,0.0400881703158637
"111","DEM",20,27,43.6558823529412,1185.0297029752,226.985038320143,1.37517654262502,0.16977333054592,0.00194104628950921,0.00337476658279881,0.0481642630049132,0.0394678186347989
"112","DEM",20,28,45.2882352941176,1180.94357466906,222.251437470082,1.37138366539854,0.168365795115617,0.0020497629470091,0.00344622004715252,0.0494698480491554,0.0409983422582135
"113","DEM",20,29,46.9205882352941,1187.70068535028,224.651409055535,1.3802142418071,0.180227411859239,0.00233055728463176,0.00393134172111996,0.051403695735401,0.0413673178627532
"114","DEM",20,30,48.069696969697,1205.19922639217,221.010665789644,1.39433405772807,0.177008537336652,0.00239858448873315,0.00435179404496795,0.0522842168871795,0.0437905967525189
"115","DEM",20,31,49.190625,1223.68986530343,208.380100607382,1.39896718592777,0.18850960282895,0.00200258827685169,0.00336609159419287,0.0533334314238481,0.0457703407925018
"116","DEM",20,32,50.8,1229.11352842049,211.715180217113,1.40517811595455,0.193932051405381,0.00196881527201248,0.00371059810285425,0.0553659864244462,0.0453039613262536
"117","DEM",20,33,50.6178571428571,1234.7791165533,208.332162150061,1.42642040674012,0.176041288895842,0.00115479267309806,0.00143669139704859,0.0517212955184345,0.0420701078946864
"118","DEM",20,34,50.436,1247.86514659703,213.733835392641,1.44245684222831,0.173559650102552,0.000959354906557955,0.00102673419500621,0.0478389148019173,0.0322660519183448
"119","DEM",20,35,51.936,1247.96379478203,210.616532722398,1.44416986818677,0.181784743108288,0.000818454921073076,0.000776124820217175,0.0496050798646937,0.035409285951638
"120","DEM",20,36,53.436,1249.3003686963,210.038598261352,1.44646517072473,0.185283170740063,0.00125715726538973,0.00131800542756818,0.0487956341038326,0.0371411938725676
"121","DEM",20,37,54.936,1250.53574574912,210.618611948264,1.44733564045178,0.185315873063456,0.00113085136534658,0.00111531346264438,0.0460104636923058,0.0342757988309622
"122","DEM",20,38,56.436,1251.20121791973,210.824129207197,1.44883988784792,0.192693422215074,0.00160825762107646,0.00190687202256267,0.0492885752169443,0.037508367290353
"123","DEM",20,39,57.936,1251.54019544141,207.973522420718,1.44958331880559,0.188112118391919,0.00134335792097933,0.00162097468815244,0.0517939017239411,0.0391235083952961
"124","DEM",20,40,59.436,1246.608438284,206.502707977596,1.44559406455115,0.20262938506375,0.00136013959582879,0.00165435736874336,0.0498872005971179,0.0398849191834601
"125","DEM",20,41,60.936,1237.24472419212,212.753752746762,1.43405356723779,0.208656009968327,0.00141972382666675,0.00181303565176474,0.0499520326362826,0.0387723334197357
"126","DEM",20,42,62.436,1236.55330540157,221.417025863602,1.42937295356476,0.185815762641175,0.00117310918155144,0.00134881152443358,0.048596766858098,0.0370586384074144
"127","DEM",40,1,0.944117647058824,899.893751487337,193.300967340701,1,0,0.0212526379525696,0.0174826594679737,0.022946486786497,0.0435724752589589
"128","DEM",40,2,2.57647058823529,909.134324331407,189.296493804103,1.01186527638457,0.0270364884270691,0.0141189157352978,0.0134580500455963,0.0146433946706617,0.0212112814063478
"129","DEM",40,3,4.20882352941176,923.523977363041,204.899096552214,1.02515718469302,0.0347287659005912,0.00838788884580072,0.0102454249262135,0.0155560350318836,0.021631256028338
"130","DEM",40,4,5.84117647058823,941.021901310154,208.938682148191,1.04425236757346,0.034394865049295,0.00395890975822828,0.00525114521713775,0.0150234325852374,0.0249569659939925
"131","DEM",40,5,7.47352941176471,963.811174975699,219.066336751858,1.068700286929,0.049454021335252,0.00259984666309897,0.00388826756818642,0.0139550234468798,0.0187627104162037
"132","DEM",40,6,9.10588235294118,988.452642653122,223.694546826707,1.09619008686108,0.0632436794045888,0.00220801506591423,0.00379823894614443,0.0146004891756541,0.0187636958054338
"133","DEM",40,7,10.7382352941176,1001.81298572349,224.375368122633,1.11150576362513,0.0626539947344715,0.0016365674920137,0.00297648928336751,0.0154514207269694,0.0168295293679606
"134","DEM",40,8,12.3705882352941,1023.5818394413,224.227546514403,1.13659828379552,0.0712647153921803,0.00118803653184928,0.00205210256832272,0.023612338971538,0.0353930855631537
"135","DEM",40,9,14.0029411764706,1042.42582785476,227.578213084135,1.15789758987435,0.0710243247790532,0.000962708150339925,0.00148332891315755,0.0223520658864905,0.0309937274739145
"136","DEM",40,10,15.7117647058824,1061.72120449263,231.770761833822,1.17920693510403,0.0691889547179263,0.000681944948304399,0.000896487111397824,0.0240048402241706,0.0320417461016286
"137","DEM",40,11,17.3909090909091,1070.16922281214,229.307099013959,1.19448267334481,0.0873945181242692,0.000606572654023603,0.00100384229300481,0.0259523469166219,0.0302187919444638
"138","DEM",40,12,19.0588235294118,1082.56233217144,231.945841431113,1.20367916817239,0.0902217563925292,0.000605962272407223,0.00102867437546433,0.028782774799027,0.0317948934933805
"139","DEM",40,13,20.6911764705882,1090.43314800248,227.345877888277,1.2140746254518,0.0886354176132434,0.000600094736789622,0.00114427321210948,0.0321394483646244,0.038654835991317
"140","DEM",40,14,22.3235294117647,1100.13604080383,231.230118146425,1.22518366601135,0.103824539917406,0.000745089609900132,0.00113578913730576,0.0339277547836965,0.0350889217985761
"141","DEM",40,15,23.9558823529412,1110.19086367564,230.163178689071,1.23757858624625,0.110019668900585,0.00069226258085568,0.0010870770788159,0.034535159192737,0.0371310124043078
"142","DEM",40,16,25.5882352941176,1115.49643269179,227.875052361179,1.24442385686291,0.109748938355149,0.000826818138195978,0.00109872341459329,0.0340689204506563,0.0352200547586495
"143","DEM",40,17,27.2205882352941,1126.00203835336,230.498965643084,1.25622262317934,0.112588887503461,0.00105909876345643,0.00174981682800674,0.0362573988553474,0.0342085648376163
"144","DEM",40,18,28.8529411764706,1127.27880419451,230.22358765298,1.25774410090321,0.114914086965445,0.001037090002068,0.00151161770682567,0.0374426149832145,0.0359633132723044
"145","DEM",40,19,30.4852941176471,1142.16178902205,223.479584380315,1.27765715706204,0.123939069755576,0.000839459366002641,0.00121554291380723,0.0378262756997454,0.0316814032769185
"146","DEM",40,20,32.1176470588235,1138.59567637227,221.721521049531,1.2744595535857,0.126630654141982,0.0011985634979884,0.00179539098042129,0.0384430247446297,0.030781987243493
"147","DEM",40,21,33.8617647058824,1139.23783513472,226.504790297232,1.27448197041781,0.13113123120894,0.00108207489689569,0.00149740607262691,0.0414406241023391,0.0397466340439033
"148","DEM",40,22,35.4941176470588,1147.46410524473,231.342594993553,1.28434293841471,0.145951492948668,0.00124150475974054,0.00218396506974636,0.0434230821461079,0.0411857941797091
"149","DEM",40,23,37.1264705882353,1153.16087512524,233.171141325013,1.29139907350197,0.153787649906702,0.00150073407260947,0.00251398549764217,0.0466628641861204,0.0443938807172644
"150","DEM",40,24,38.7588235294118,1162.85232936049,239.49200269841,1.30358356306221,0.173917150233384,0.00145554937292213,0.00273079060452422,0.0437820842693762,0.0366221905532406
"151","DEM",40,25,40.3911764705882,1155.68212647894,238.705211859803,1.29647047439973,0.181788649989896,0.00165410510442475,0.00351391832707447,0.0436221840399614,0.03642220663646
"152","DEM",40,26,42.0235294117647,1155.22607011266,247.865814533029,1.29472407395507,0.189266214683482,0.00164220085526933,0.00322653522026082,0.042869850856337,0.0371313388785283
"153","DEM",40,27,43.6558823529412,1159.11646616348,258.33834892321,1.29867135816925,0.206698879797198,0.00181874061168243,0.00327629190627401,0.0442581222892758,0.0353652137568944
"154","DEM",40,28,45.2882352941176,1159.28272683196,260.709529200784,1.29967170107724,0.214788682312,0.00171869678644358,0.00339718461919534,0.0474843844977415,0.0381302424980801
"155","DEM",40,29,46.9205882352941,1157.7991853049,259.327174022648,1.29858875432309,0.215439738227436,0.00237023554471048,0.00404027381637172,0.0462572933631122,0.035730035762438
"156","DEM",40,30,48.069696969697,1169.54435465608,245.760867863039,1.30812156274824,0.206951816243946,0.00236499714845373,0.00407040868290038,0.0468135896865215,0.0327206041967642
"157","DEM",40,31,49.190625,1184.26975661558,224.215594673273,1.3047480748829,0.185207649728589,0.00187113115420595,0.00359736507909569,0.0483632922731483,0.032967752857184
"158","DEM",40,32,50.8,1193.51581736737,215.875038929043,1.31740512114059,0.192838138096449,0.00183360093866006,0.00333670620569886,0.05131004432889,0.0389935347335729
"159","DEM",40,33,50.6178571428571,1199.11959613013,226.482378214318,1.34290929490313,0.1838475195195,0.00107676530208342,0.00130570578204212,0.0446691569658632,0.0325732920800546
"160","DEM",40,34,50.436,1213.35975143434,228.337483119323,1.3606044200772,0.194515208426871,0.000756589242326499,0.000951091671448427,0.0461189982636862,0.0306911001042051
"161","DEM",40,35,51.936,1213.79305534114,214.956019359033,1.36314657930797,0.189057057387282,0.000919317850107333,0.00120220728097927,0.0459409711636973,0.0314978862937855
"162","DEM",40,36,53.436,1221.89196117702,211.084415849215,1.3744955877224,0.198027227914333,0.000846620113864577,0.00108586720474839,0.0474607135100002,0.0338289904965726
"163","DEM",40,37,54.936,1229.22224755939,214.199103494543,1.3827584371846,0.203153757407848,0.000791431728547581,0.000963121100385994,0.0506112094576102,0.0360224662791711
"164","DEM",40,38,56.436,1222.44632549855,216.817565459885,1.37491948192641,0.211277083958515,0.000984161053948234,0.00107111488291786,0.0496077011707123,0.0321888641923636
"165","DEM",40,39,57.936,1219.65744325568,226.540877046198,1.36728686665577,0.189867450797735,0.00104269757127476,0.00137137862907379,0.0484392233124135,0.0346457172669567
"166","DEM",40,40,59.436,1221.5627314785,222.578609429277,1.37104312623205,0.197866201582297,0.0011290801899118,0.00133534515832243,0.0498482458542282,0.0367248769235007
"167","DEM",40,41,60.936,1204.20230703901,222.625812660976,1.35119065147776,0.19438070691855,0.00130121889920635,0.00172009754612254,0.0490556408143029,0.0332805593648505
"168","DEM",40,42,62.436,1209.8815107197,225.287669675681,1.35645992554442,0.188041973160834,0.00137798563453115,0.00192455311666877,0.0500959962103055,0.0342644021869969
"169","DEM",80,1,0.944117647058824,906.724315444555,197.756269565639,1,0,0.0201289907370902,0.0229760826233771,0.0145215705180306,0.0200645858791352
"170","DEM",80,2,2.57647058823529,916.070704093089,197.068424715161,1.01154139467994,0.0276749436054177,0.0148587040921486,0.018473292752819,0.0273259451903328,0.0749177375138765
"171","DEM",80,3,4.20882352941176,925.581851099395,203.550653381898,1.02084640562358,0.0302538824410124,0.00961861080236606,0.0123675637231593,0.023572053532928,0.0463637673111909
"172","DEM",80,4,5.84117647058823,933.120155669,209.143167273916,1.02833276359295,0.0355270757618779,0.00604082497897035,0.0100397631400248,0.0168675519489601,0.0247121423235777
"173","DEM",80,5,7.47352941176471,953.343345780216,217.647343756506,1.04981895447222,0.04754800814772,0.00460560015466012,0.00834669704203785,0.0225191914866259,0.0357802628598652
"174","DEM",80,6,9.10588235294118,979.403690562246,221.540276799114,1.07884391884749,0.055180444738299,0.00353185468979605,0.00563185287685875,0.0262346221354536,0.0573305244169162
"175","DEM",80,7,10.7382352941176,995.852447639865,222.743556197275,1.09799238809281,0.0598074570344339,0.00308886657931332,0.00497088833752925,0.0294390479095122,0.061785686360895
"176","DEM",80,8,12.3705882352941,1009.58962579529,222.814161865013,1.11419636152567,0.0649869601402641,0.00222458011833069,0.00372013980428958,0.0312901244343698,0.0731163499574023
"177","DEM",80,9,14.0029411764706,1028.69981463708,224.795887033408,1.1355003465167,0.0699950089608619,0.00159032920807249,0.00255386964156166,0.02440262479887,0.0344876226799172
"178","DEM",80,10,15.7117647058824,1046.11866692391,222.679268481057,1.15597723133768,0.0656466669599899,0.00123897254974119,0.0020982504965246,0.0261627959342381,0.0370870608098286
"179","DEM",80,11,17.3909090909091,1050.02747378797,223.554126517018,1.16216131120852,0.0738644838043443,0.00121674570805034,0.00174898799897056,0.0295199512444268,0.0557045438263246
"180","DEM",80,12,19.0588235294118,1072.48181252605,216.378939759191,1.18834646891718,0.0767311327060871,0.00121748588385382,0.00171304137266613,0.028502941994515,0.0352231545517886
"181","DEM",80,13,20.6911764705882,1076.7916016825,215.65627077674,1.19393547188872,0.0844244773216687,0.00117876173400028,0.00144277752520739,0.0290942791162365,0.0330051688595086
"182","DEM",80,14,22.3235294117647,1088.71275391696,218.175189612566,1.2068628280182,0.0811485958905062,0.00136371981272454,0.00197552982205938,0.0326357711777961,0.0483356041010406
"183","DEM",80,15,23.9558823529412,1090.94922148642,216.842867381213,1.20973161782763,0.0803451179761778,0.00127415148330614,0.00169793482738767,0.0330053057315714,0.0408202010410593
"184","DEM",80,16,25.5882352941176,1095.44674206954,212.82144833944,1.21555345880232,0.0809805825157792,0.00124331522068507,0.00178094019818527,0.0334159078083115,0.034188055998393
"185","DEM",80,17,27.2205882352941,1102.14583508751,206.344787121469,1.22555834305522,0.0893506475906626,0.00129178781457272,0.00191498896424795,0.0336918953170593,0.0355617524363173
"186","DEM",80,18,28.8529411764706,1097.91220195134,206.220929561747,1.22192022895589,0.0974954304658166,0.00166737620798282,0.00210523759864098,0.0379420660438614,0.0429319907207001
"187","DEM",80,19,30.4852941176471,1106.84782037565,210.214371988266,1.23126941366992,0.102384988318474,0.00156768488062866,0.0023289223414102,0.0366125374136828,0.0314603787787497
"188","DEM",80,20,32.1176470588235,1111.10425573031,210.472005100917,1.23647542411412,0.103977067619593,0.0020767048217245,0.00364612304821427,0.0381912198517352,0.0306858770080703
"189","DEM",80,21,33.8617647058824,1111.49649688536,207.941637172869,1.23723999228164,0.104509191542568,0.00196915646734808,0.00340928413864959,0.0384998259532489,0.0348214062629999
"190","DEM",80,22,35.4941176470588,1116.25579986493,204.121685236749,1.24462315014086,0.111925328029434,0.00222691506092663,0.00365418695175694,0.0398966519948707,0.0346616884432694
"191","DEM",80,23,37.1264705882353,1110.91937362192,203.986595036162,1.2396486101347,0.123152862203025,0.00188655308373863,0.0030733781803546,0.0416508479550596,0.0357623238960798
"192","DEM",80,24,38.7588235294118,1112.81664486271,205.991014005879,1.24150839358839,0.126464568440408,0.00192364351665092,0.00388712961127204,0.044189503374787,0.0398177904109346
"193","DEM",80,25,40.3911764705882,1120.7200278452,205.723081127984,1.25162735464539,0.133835795298847,0.00210163700464422,0.00415169378500393,0.0468902433092109,0.0439119635284946
"194","DEM",80,26,42.0235294117647,1115.20038016798,211.730154827433,1.24445654630636,0.138070980272916,0.00219522627778075,0.00407023963721769,0.0465224194121173,0.0384816108297769
"195","DEM",80,27,43.6558823529412,1111.3915723083,207.591129568309,1.24206656242485,0.143204220222345,0.00241367559483704,0.00499554204921579,0.048973564392401,0.0380301296886345
"196","DEM",80,28,45.2882352941176,1112.57806978385,212.489231761271,1.24284904021439,0.146973731008744,0.0026113872044464,0.00579452796229287,0.0499707827386855,0.0391495419583091
"197","DEM",80,29,46.9205882352941,1106.17657927947,214.080368970175,1.23565613793515,0.150547337201887,0.00281470322128001,0.00643949493504384,0.0503160785757314,0.0419406546156774
"198","DEM",80,30,48.069696969697,1114.08933277015,213.830572898671,1.24029846510409,0.148280192033821,0.00283935513202453,0.00656646043205699,0.0544809292271907,0.0444378690193727
"199","DEM",80,31,49.190625,1138.87715594141,195.672340875344,1.2515149666998,0.156464972921,0.00276954844356268,0.00559561298289295,0.0563979603011753,0.0457565086622734
"200","DEM",80,32,50.8,1134.72928764248,194.235368960038,1.24938153629389,0.16902138642103,0.00293169878302922,0.0068181240093482,0.0574994494912168,0.0449701859340335
"201","DEM",80,33,50.6178571428571,1131.86146577576,213.573554061654,1.26287517202454,0.172897127556665,0.00118972806427165,0.00161870971214407,0.0541775643335981,0.0411118336500791
"202","DEM",80,34,50.436,1142.01194738831,214.852575608163,1.28065612371041,0.176319664585078,0.0012604089117036,0.0012813948003874,0.0524511452770116,0.0323580085218138
"203","DEM",80,35,51.936,1146.1958490102,212.12468131314,1.28537132049207,0.166651144563482,0.00131482548133475,0.0018568306895375,0.053283181630704,0.035010653621337
"204","DEM",80,36,53.436,1143.08872407092,203.627483525545,1.28532151572903,0.180903237635831,0.0012518967937861,0.00168133673937763,0.0532143196913342,0.0386294454747529
"205","DEM",80,37,54.936,1142.6138411199,218.610234995074,1.28170494001806,0.182571397880771,0.00110789916473692,0.00141955864811207,0.0554929032443343,0.0380994296513723
"206","DEM",80,38,56.436,1130.55849193061,217.88706723657,1.27080112390642,0.202608341787783,0.00108751467908097,0.00126857710093294,0.0554785444150235,0.0378207187938946
"207","DEM",80,39,57.936,1129.1943001583,217.701559170329,1.26964368027415,0.205053630794381,0.000980697721128984,0.00106790079707204,0.057311502833482,0.0384053712936284
"208","DEM",80,40,59.436,1129.36711859155,211.636070713276,1.26948713208144,0.189567595980356,0.00110446439750645,0.00139705123333843,0.0578800041192026,0.0399591570538738
"209","DEM",80,41,60.936,1117.18150383993,205.173097629816,1.25637716395209,0.182894199699924,0.00133424574139255,0.0012486470638508,0.0563846875673548,0.0385482722217978
"210","DEM",80,42,62.436,1121.23817707077,206.99587291608,1.25909429464867,0.174214299758562,0.00130915211684281,0.00138410520778465,0.0608560280767407,0.0406391780820375
"211","DEM",120,1,0.944117647058824,888.83052010875,196.536250312708,1,0,0.019616137713286,0.0192656389691909,0.022583355219817,0.0434154232733404
"212","DEM",120,2,2.57647058823529,892.48738643914,200.733344984923,1.00325094523244,0.0283712686136322,0.0157638603802793,0.0182538303622808,0.0206173469540326,0.0298468685525785
"213","DEM",120,3,4.20882352941176,893.056627074464,205.728198944646,1.0028885120041,0.0317762415992108,0.00909883723851361,0.0127507999500878,0.0204392267467217,0.0267852975419559
"214","DEM",120,4,5.84117647058823,900.736745243922,212.575822220564,1.01073641779442,0.0369897770848865,0.0061814274375125,0.0113411696442921,0.0238665485525043,0.0287302914678353
"215","DEM",120,5,7.47352941176471,922.432343116968,220.702561745539,1.03399838473782,0.0442033752349431,0.00384438711270308,0.00758899173440746,0.0240625213096789,0.0285443428250045
"216","DEM",120,6,9.10588235294118,928.778873930619,217.964315215489,1.0421144512935,0.043095794705097,0.00310310014422416,0.0067780711264672,0.0285901665912856,0.0340973148684323
"217","DEM",120,7,10.7382352941176,956.296434623867,221.737499159031,1.07383583529181,0.0533054862191583,0.0029516571084262,0.00634376800439576,0.027502823748737,0.0328908004445803
"218","DEM",120,8,12.3705882352941,969.700674795926,221.193642255238,1.08989692649278,0.060091158196485,0.00208932757373444,0.00436308824191791,0.0297780664444655,0.0460538594117562
"219","DEM",120,9,14.0029411764706,985.595015624919,222.957537087667,1.10812525038501,0.0636109933896606,0.00156412200185769,0.0030967627058359,0.0294776058126169,0.038379203706862
"220","DEM",120,10,15.7117647058824,993.648999998893,224.057512511034,1.11743225106563,0.0605821458167239,0.00128005329989528,0.00233924369391259,0.0288142646390441,0.0343838894621263
"221","DEM",120,11,17.3909090909091,999.098626665699,227.729787906227,1.1297864748865,0.0641065741651961,0.00152008420128863,0.00192098507567816,0.0297155158080695,0.0386995033871325
"222","DEM",120,12,19.0588235294118,1010.9807824194,225.263007325612,1.13819401732152,0.0714963599446318,0.00160727608914996,0.00261410908664944,0.0308285889499477,0.0355335566488083
"223","DEM",120,13,20.6911764705882,1029.55544217153,221.868285221095,1.16106721488232,0.0725768117565687,0.00175684804054106,0.00282275022052689,0.0320475213477567,0.0392505842013631
"224","DEM",120,14,22.3235294117647,1031.82992030287,222.151391873258,1.16342996845457,0.0798035014591072,0.00185478605419637,0.00291864623689705,0.0336639455557145,0.0394805494245508
"225","DEM",120,15,23.9558823529412,1037.36910758334,220.115590202005,1.17043852087609,0.075301747499219,0.00214844578068436,0.00351037053453287,0.0348635615742252,0.0376342232602598
"226","DEM",120,16,25.5882352941176,1039.35159922203,220.089913984077,1.17396237050983,0.0874524463343598,0.00173811613257382,0.00282482736013131,0.0375235882229276,0.0418210979068893
"227","DEM",120,17,27.2205882352941,1038.39773565069,223.937473567081,1.17260026345876,0.0954694459797704,0.00217678295530269,0.00334872662445596,0.0379554849663163,0.0425987766560597
"228","DEM",120,18,28.8529411764706,1038.62399444586,222.811622535916,1.17322168186482,0.101139483168881,0.00227558680086331,0.00313375614936409,0.0384096381233237,0.0396149278589856
"229","DEM",120,19,30.4852941176471,1044.60320088166,221.551577951667,1.18132891110375,0.108818984328858,0.0021722784307256,0.00309287615005692,0.0418165399626174,0.0369049105422587
"230","DEM",120,20,32.1176470588235,1040.20446349815,211.809093404205,1.17881342582129,0.110798124858203,0.00295402323264373,0.0044660922691339,0.0441205179971909,0.0392604628002901
"231","DEM",120,21,33.8617647058824,1045.40195077506,214.957860735318,1.18461701738849,0.119252530017526,0.0033224208826831,0.0046690028859013,0.0465069617648547,0.0373654916396689
"232","DEM",120,22,35.4941176470588,1037.64198275558,217.150839394999,1.17579050226547,0.126970083926434,0.00271563903386617,0.00422897091848088,0.0449886555353653,0.037820069216778
"233","DEM",120,23,37.1264705882353,1033.68432102438,219.056651298353,1.17090306576457,0.125525752075171,0.00264555843224142,0.00416322201719867,0.0471396634765174,0.0414896543964042
"234","DEM",120,24,38.7588235294118,1034.54117308174,219.420778143747,1.171991135852,0.125415377602401,0.00263994193086375,0.00552514074310608,0.048455914354871,0.0422993259608665
"235","DEM",120,25,40.3911764705882,1034.00292252517,222.146897338735,1.1714246985024,0.133649388480214,0.00288532598065668,0.00538534988953816,0.0505992723713799,0.0437871350199161
"236","DEM",120,26,42.0235294117647,1028.89117352204,219.629672845777,1.16726837789885,0.144896505613845,0.00314417012457475,0.00506195714859229,0.0514945081621118,0.0436038607707925
"237","DEM",120,27,43.6558823529412,1026.57837715326,215.271969409478,1.165999456732,0.1510438724999,0.00303481157736566,0.00476219155338702,0.0541298687915373,0.0447659252680871
"238","DEM",120,28,45.2882352941176,1021.65825967184,208.822379339469,1.1620017363064,0.147245428819225,0.00346932029329174,0.00634879869369666,0.0562995073487838,0.044926297498668
"239","DEM",120,29,46.9205882352941,1032.99465740355,213.628885210211,1.17535310500969,0.156894798998227,0.0041542943037895,0.00732833122985422,0.0577088081039818,0.0460526684445426
"240","DEM",120,30,48.069696969697,1030.14002882214,219.314570088814,1.16009579414025,0.154382505193644,0.00398016426194471,0.00709098711373725,0.0580456415877723,0.0418342450948127
"241","DEM",120,31,49.190625,1047.75139765935,204.646079897243,1.16404443257362,0.154784814702709,0.0038315775741058,0.00705256436206654,0.0593413756779992,0.0412644810543888
"242","DEM",120,32,50.8,1039.20546308665,206.250761363902,1.15487389672532,0.162373803113893,0.00425317905255899,0.00820026566323383,0.0598089638390281,0.0411479858838236
"243","DEM",120,33,50.6178571428571,1041.49799072182,208.929791224758,1.17592647684573,0.160662176051142,0.00192323437863032,0.00280467064622938,0.0576090938119389,0.0422257346298983
"244","DEM",120,34,50.436,1065.22253662636,201.809435442159,1.20979144485145,0.151348587962536,0.0013231766982858,0.0015431304525065,0.0588228842623294,0.0342216027204379
"245","DEM",120,35,51.936,1052.30592700462,195.773828210538,1.19554220061844,0.14349158817429,0.00130626448683349,0.00131534874684637,0.0571615280652156,0.0346159512035578
"246","DEM",120,36,53.436,1053.77605158311,186.73961255681,1.19904998017579,0.141397301247126,0.00153848588132527,0.0018335809456341,0.0563592318369009,0.0360323049575507
"247","DEM",120,37,54.936,1039.69715226469,190.276797865542,1.18255912822664,0.147868592566223,0.00156307164155075,0.00148191204690004,0.0588893128898802,0.0408371166271521
"248","DEM",120,38,56.436,1031.96006008366,195.872163024767,1.17363015903335,0.157885296704484,0.00191203395585263,0.00204093763630646,0.0591368043625078,0.0411514542710767
"249","DEM",120,39,57.936,1034.32903188938,194.052649730334,1.17554063185113,0.145111793674383,0.00176021976454874,0.00197976314578523,0.0609978343622718,0.0400462569363485
"250","DEM",120,40,59.436,1026.29369676644,200.990353757649,1.16446534862273,0.147393781824735,0.00168831633651685,0.00195338478735598,0.0600224513216902,0.0389140593943716
"251","DEM",120,41,60.936,1042.2935049914,186.604204042081,1.18604764934314,0.145331415229419,0.00142920908880946,0.00158497496039934,0.0605028611906926,0.0409467173310753
"252","DEM",120,42,62.436,1031.65684303937,183.616850187071,1.17409050274584,0.136697272224756,0.0014940531075178,0.00150831029734909,0.0613826210572517,0.0409914977527715
"253","DEM",160,1,0.944117647058824,889.14377170127,198.063354455559,1,0,0.0244040991082654,0.0212450252578757,0.0335718570557945,0.0976522362829764
"254","DEM",160,2,2.57647058823529,889.503030957892,196.599760023639,1.00190021588422,0.0279549141157567,0.0171337620534572,0.0183334464184925,0.0328860126110748,0.0937872615002094
"255","DEM",160,3,4.20882352941176,890.29046483559,200.205660131975,1.00309036986466,0.0439014401768841,0.0100671620292804,0.013307807769022,0.0284293409848674,0.0717099173836526
"256","DEM",160,4,5.84117647058823,896.472356978475,204.073829012695,1.00934188480535,0.0472857746022244,0.00761823324564887,0.0113478986124337,0.0223929442016597,0.0339790773159039
"257","DEM",160,5,7.47352941176471,904.70985643816,205.543372997804,1.01873636808649,0.0489110754159216,0.00554407152505575,0.0122941122353967,0.0252810520285149,0.0370370419739757
"258","DEM",160,6,9.10588235294118,920.699938671125,211.259824173976,1.03569639779602,0.0531843653712094,0.00408576853204095,0.00817703997341783,0.0267906389185166,0.0338235131119883
"259","DEM",160,7,10.7382352941176,929.946875583053,208.084017924949,1.04737616671553,0.0557698200537325,0.0034059737237152,0.00595028612782723,0.0280752164814715,0.0367947550191618
"260","DEM",160,8,12.3705882352941,952.129427795122,212.485918727198,1.0724100298782,0.0599269672364159,0.00216495804144494,0.00369786076948707,0.0303123302848692,0.0345168581912762
"261","DEM",160,9,14.0029411764706,957.940742194927,214.426498860539,1.07889276444615,0.0645055750343735,0.00210652748773856,0.00282425742152102,0.0328650658810765,0.0345711066869905
"262","DEM",160,10,15.7117647058824,973.221487338257,214.037966396946,1.09702588936321,0.0694223468850654,0.00230235276991231,0.00285510017852383,0.0344045947123305,0.0382444147426221
"263","DEM",160,11,17.3909090909091,982.917493339826,207.209726389674,1.1144366100289,0.0707774127233783,0.00205483568441563,0.00250994781929507,0.0368271025344886,0.0397731966131017
"264","DEM",160,12,19.0588235294118,986.956432417853,204.361820692843,1.11586929014428,0.0777527459314821,0.00236753820795547,0.00341596963324409,0.0384417705990359,0.0404477134056894
"265","DEM",160,13,20.6911764705882,996.37376858209,204.73028905745,1.12683654539942,0.0743533642357306,0.00221651490691306,0.00380146627514135,0.0424037571641604,0.0443364556573373
"266","DEM",160,14,22.3235294117647,1003.75904533815,205.619482232282,1.1349809234989,0.0773704085260325,0.00188629635198796,0.0031412793503772,0.0426505090804582,0.0380467246886482
"267","DEM",160,15,23.9558823529412,1013.55720501462,202.100249278217,1.14767084907986,0.0809327529018562,0.00239891594185695,0.00388478611151501,0.0417032656649119,0.0365583166847696
"268","DEM",160,16,25.5882352941176,1014.06159658336,204.888335387357,1.14819731954819,0.0953955248618608,0.00304352974187459,0.00568694615935549,0.0432160766640965,0.0379173952905674
"269","DEM",160,17,27.2205882352941,1015.74454411655,197.119628041103,1.15202937946188,0.0914208061694789,0.0030498360723139,0.00522934107556436,0.0446869477382419,0.0354825212884463
"270","DEM",160,18,28.8529411764706,1021.67030774266,191.480199276251,1.16031647274704,0.0935800613693748,0.00413946446257698,0.00751633281954993,0.0501340848606596,0.0362467378956294
"271","DEM",160,19,30.4852941176471,1016.33809301034,197.835454054707,1.15384805796118,0.107543405835034,0.00464612462823619,0.00937123999221945,0.0503742936715301,0.0384954476121403
"272","DEM",160,20,32.1176470588235,1010.88848481682,195.67732247683,1.14801517109829,0.112570173153856,0.00444295192413596,0.0089851222750715,0.0496286012939144,0.0374616590826397
"273","DEM",160,21,33.8617647058824,998.905250861361,203.323245290344,1.13281123662513,0.113829831368524,0.00507670148883651,0.0105278643085322,0.0523403695504754,0.0352894671993261
"274","DEM",160,22,35.4941176470588,1019.33447427318,199.257655559265,1.15821679536181,0.115953350829845,0.00570030007709393,0.0124146221163981,0.0562718567336856,0.0424597808723413
"275","DEM",160,23,37.1264705882353,1007.87664754758,194.174829360444,1.14684530165719,0.121237831350105,0.00582327466824931,0.0115690341528713,0.0616982318279176,0.0423531506569024
"276","DEM",160,24,38.7588235294118,1006.44581632827,194.615938188114,1.14468153761629,0.117607201731116,0.00598100187772945,0.0111051837318954,0.0623219113735212,0.0425581306058599
"277","DEM",160,25,40.3911764705882,998.233176245851,193.849185355833,1.1362657374332,0.126307466125554,0.00652938010055296,0.0123391382053888,0.0639361969015434,0.0446089705698509
"278","DEM",160,26,42.0235294117647,995.422625115128,190.883661718537,1.13531928082637,0.136952481135943,0.00696139362401068,0.0140998568049788,0.0688769465194718,0.0472545347556227
"279","DEM",160,27,43.6558823529412,992.700978191511,191.62316737957,1.13198626107991,0.139391654255341,0.00704528042545768,0.0134428049034964,0.0716755368665262,0.05093059414377
"280","DEM",160,28,45.2882352941176,999.204945787578,193.047909134669,1.13939325067581,0.14215236394966,0.00758336294794786,0.0155880416272339,0.0764959970820001,0.0503771675564608
"281","DEM",160,29,46.9205882352941,992.72467416322,192.992188048057,1.13260872010046,0.146695796406764,0.00638889486303331,0.0125656802947823,0.0740410441774591,0.0496231706048417
"282","DEM",160,30,48.069696969697,995.399006451061,192.039866758795,1.12751314224197,0.151472402802989,0.00664367707958456,0.0124545819080921,0.0744447301875192,0.0499768681915112
"283","DEM",160,31,49.190625,1005.64497563624,179.837850137513,1.12537163611589,0.15885569896303,0.00648459230247027,0.0132261010905926,0.0761060656149869,0.0495587654591955
"284","DEM",160,32,50.8,1003.42446342071,175.0692102685,1.12514962412953,0.163405178043036,0.00623771197755419,0.0131307081675955,0.0800621209030122,0.0536841702879433
"285","DEM",160,33,50.6178571428571,1007.81854170573,188.517262714534,1.14490391553362,0.133622808730391,0.0025013588339277,0.00285572157163066,0.0717702902933741,0.0410398443913543
"286","DEM",160,34,50.436,1007.68497799781,189.732965682194,1.14230378412387,0.139072643592073,0.00191276265632676,0.00164270533267723,0.0742052709922472,0.0425047610616813
"287","DEM",160,35,51.936,1021.30696028585,201.107017610062,1.15402207985426,0.133340680445385,0.00249667606701096,0.00228208595935275,0.0744622152770692,0.0420025652951157
"288","DEM",160,36,53.436,1010.50919000413,203.45737279829,1.14149164021949,0.139304509399246,0.00223170947069509,0.00201502357584,0.0733356122235755,0.0454195657743569
"289","DEM",160,37,54.936,998.08025148636,204.83187787449,1.12715938900158,0.141831960129848,0.00233619139784325,0.00221281679003703,0.0738540385499478,0.046056478178427
"290","DEM",160,38,56.436,989.870101250871,210.777963635466,1.11706800053484,0.144302738057792,0.00219651602149343,0.00187863993185093,0.0750783949475496,0.0479532936763048
"291","DEM",160,39,57.936,1002.33245382445,200.888845117078,1.13339343514271,0.141452395673988,0.00216888417006014,0.00265108164492364,0.0725781802839799,0.0426578493795514
"292","DEM",160,40,59.436,1006.51561344329,199.741477757091,1.13916255490739,0.144150883851081,0.00247772248911803,0.00301331922892372,0.0751502946546842,0.0449226137273438
"293","DEM",160,41,60.936,988.877683238249,198.25357384746,1.11781984585387,0.134434527460758,0.00219995388322927,0.00257474974121751,0.0777422576750776,0.0460408762012207
"294","DEM",160,42,62.436,995.936795115553,203.011436752097,1.12674872519185,0.148908110137162,0.00241547049083357,0.00336816937086291,0.0774265180948808,0.0473042409547654
"295","DEM",200,1,0.944117647058824,877.457047551923,173.425885665174,1,0,0.0153080574845884,0.0151149330879514,0.011891685130988,0.0179085038087713
"296","DEM",200,2,2.57647058823529,873.665463705096,172.496539124385,0.99561955580667,0.0229863743197944,0.012221268336271,0.0130397467793167,0.012147342959984,0.0176965353907975
"297","DEM",200,3,4.20882352941176,878.795511357255,174.563578623209,1.00178524731084,0.0278484072341327,0.00728385542084055,0.00945588997456782,0.0147995618670494,0.0233984083225376
"298","DEM",200,4,5.84117647058823,880.032548222348,183.154012718094,1.00154557745375,0.0339250125051434,0.00434251515821184,0.00552461682787434,0.0162418481468184,0.0245629116269151
"299","DEM",200,5,7.47352941176471,889.468428823872,184.253191265899,1.01247947649608,0.0383315891601575,0.0038839024994018,0.0056902796505491,0.019566483837786,0.0336482280471046
"300","DEM",200,6,9.10588235294118,897.283214888175,188.545849806232,1.0203571488258,0.0416560432706706,0.00291802649993647,0.00520676162521454,0.0221511968033033,0.0320150403448228
"301","DEM",200,7,10.7382352941176,910.25187476619,188.858882341301,1.03589518461425,0.0461874480408598,0.00294409092869967,0.00433735109857824,0.0232202495314982,0.0300256030444518
"302","DEM",200,8,12.3705882352941,925.207870460185,191.05512887954,1.05314904133513,0.0512287928090382,0.00204232839226688,0.00259575089324768,0.0253648225479498,0.0301979022935103
"303","DEM",200,9,14.0029411764706,931.312037683223,191.323220760459,1.06053381964979,0.0507701012699538,0.00144161083378517,0.00194728834998535,0.0286665958227472,0.0351416165850945
"304","DEM",200,10,15.7117647058824,945.857632753791,187.779255963427,1.07853464688268,0.0598788922870897,0.00202141786591057,0.00269581767492861,0.0287234218354435,0.0297541714645555
"305","DEM",200,11,17.3909090909091,951.860863035093,187.47312361475,1.09341829292274,0.0574386344576044,0.00206553498036589,0.00228611405805291,0.034592987344838,0.0331720455168135
"306","DEM",200,12,19.0588235294118,961.641508972325,191.316108064962,1.09686659916105,0.0643044618098592,0.00190632583101275,0.00221761739113622,0.0398045011713878,0.0387259555476569
"307","DEM",200,13,20.6911764705882,972.907610553845,188.223876834029,1.11085792268683,0.068772665496442,0.0020481300151581,0.00309763456760261,0.0419405356223087,0.0409987777385924
"308","DEM",200,14,22.3235294117647,973.192978991071,190.568284267315,1.11049930640737,0.0686326926141476,0.00193864606596075,0.00306993952121507,0.0431410577184861,0.0410549648447411
"309","DEM",200,15,23.9558823529412,970.186159561152,188.478635586509,1.10847617284851,0.075303553072568,0.00223167250774339,0.00440955211506968,0.0439186455431451,0.0380254019517427
"310","DEM",200,16,25.5882352941176,977.803032903607,180.960285184352,1.11944114518794,0.0755076394570661,0.00236619990182397,0.00503331115252931,0.0459147713199598,0.0370795463463458
"311","DEM",200,17,27.2205882352941,977.821255882546,193.486664760408,1.11699579788289,0.0873399847118179,0.00280041481347115,0.00530063777259852,0.0486054736660148,0.0386838334468542
"312","DEM",200,18,28.8529411764706,970.940807512474,191.629405200747,1.11055433386759,0.0997470147430819,0.00345895582367285,0.00660043272198427,0.0485727118056491,0.0366238108842615
"313","DEM",200,19,30.4852941176471,971.797998884041,191.047130765629,1.11173212567768,0.0972221004610018,0.00368179044071117,0.00713811833328727,0.0519968273850012,0.0380070094018003
"314","DEM",200,20,32.1176470588235,971.442493953277,190.048396856806,1.11338370430908,0.111802020184186,0.00417014497696455,0.00662799401196211,0.0562161575443558,0.0390753266897157
"315","DEM",200,21,33.8617647058824,968.261357307886,192.8401171635,1.10966177109239,0.11745701355428,0.00458046051087951,0.00755804043500044,0.0555654555956487,0.03772116559071
"316","DEM",200,22,35.4941176470588,963.669837913761,191.597138672648,1.10513669799802,0.123991243619832,0.00557055171546284,0.00988536326884481,0.0602564248072475,0.0422529769864083
"317","DEM",200,23,37.1264705882353,962.980679659632,188.228004419946,1.10608146000628,0.127017839721629,0.00592591794038292,0.00946451670674739,0.0607007104980049,0.0388807964973032
"318","DEM",200,24,38.7588235294118,960.493009627151,175.434529822195,1.10529753478021,0.120957371614737,0.00540889459185726,0.0092522658881104,0.0600927259801227,0.0383943842564081
"319","DEM",200,25,40.3911764705882,956.141874695556,175.660716301926,1.10088644429153,0.127748920416386,0.00576266514055384,0.0100967253325438,0.0617573970935906,0.0404435913256402
"320","DEM",200,26,42.0235294117647,957.739490069051,177.225060053722,1.10350293210501,0.131886579491476,0.00572400410464808,0.010570599611275,0.0645662459612385,0.0404586356354173
"321","DEM",200,27,43.6558823529412,949.100141607382,181.862840467876,1.09184833242738,0.130755159562238,0.00637058830442407,0.010471298355971,0.068457983292281,0.0417691606483829
"322","DEM",200,28,45.2882352941176,949.033095891339,188.250574099598,1.09171426625994,0.140232725985035,0.00694068098921072,0.0124764839438483,0.0651434164657602,0.0367310832656339
"323","DEM",200,29,46.9205882352941,942.695371485815,194.903544237777,1.08309374724006,0.1433912116882,0.00695381496461106,0.0117013288838586,0.0696777808933227,0.0429347331431248
"324","DEM",200,30,48.069696969697,950.828353005371,191.831116502692,1.08836545069134,0.153733842335351,0.00687009526681243,0.0112106451172145,0.0696372265508231,0.0411009758126873
"325","DEM",200,31,49.190625,958.873120881552,184.621006252097,1.09002683062862,0.161519251871474,0.00699821945262269,0.0131533535661465,0.07195051290985,0.0470712229533066
"326","DEM",200,32,50.8,957.91456556544,177.099607908769,1.08921716666045,0.149660566197316,0.00690443254963639,0.0121972982640054,0.0705387056234551,0.043619294403678
"327","DEM",200,33,50.6178571428571,973.610817625492,188.615215128981,1.12179719804959,0.129577650396318,0.00456773607725262,0.00644947013855282,0.0665609801276287,0.0390260364366079
"328","DEM",200,34,50.436,977.113259106065,196.902552059425,1.12149685503847,0.141648890906017,0.00233967481082527,0.00240678743141467,0.0696201756395328,0.0378573550633271
"329","DEM",200,35,51.936,974.370908710598,206.470565579727,1.11624614343478,0.146734214855438,0.00287471068870334,0.00320270996110839,0.0681286973415501,0.0383848277847803
"330","DEM",200,36,53.436,981.335323206866,204.982454279814,1.12502254759326,0.14962038999464,0.0026220183247894,0.00255096640853682,0.0675896733535766,0.0433919260483883
"331","DEM",200,37,54.936,975.024069993473,196.600264739523,1.11911044694524,0.139758817021301,0.00238558342256273,0.00242754922402762,0.0709351621453944,0.0446769702902193
"332","DEM",200,38,56.436,968.836197285953,198.97990861633,1.11165087098173,0.144697835415298,0.00252026550442618,0.00265643713680948,0.0681432480434447,0.0447463847865663
"333","DEM",200,39,57.936,972.408190934307,201.312304130829,1.11420881163139,0.137600164291375,0.00274998374697964,0.00238058514233366,0.070978539972969,0.0452482310974711
"334","DEM",200,40,59.436,969.175094461717,190.837585203059,1.11307453466848,0.132996331739413,0.00266974004856823,0.0024699918663085,0.0718873690150056,0.0464387916865389
"335","DEM",200,41,60.936,964.100765000664,201.168795410437,1.10566233422625,0.142300358340481,0.00316451405225431,0.0026357199816512,0.0737097129188771,0.0471158039203692
"336","DEM",200,42,62.436,954.559962507797,202.166522200851,1.09632945688586,0.155975672514365,0.00335826456671162,0.00337202128398676,0.0760705215846926,0.049222901725264
